seconds,phase,cycle,ottod_rss_mib,renderer_rss_mib,gpu_rss_mib,clickhouse_rss_mib,browser-main_rss_mib,browser-utility_rss_mib,agents_rss_mib,daemon-children_rss_mib,heap_mib,nodes,live_dom,listeners
33.4,baseline-gc,,142.3,532.5,140.2,401.4,239,202.1,0,0,17,1835,428,151
149.2,leak-ckpt,1,246.3,708.3,183.5,410.6,250.8,215.3,237.7,140.5,35,17934,887,375
262,leak-ckpt,2,276.4,719.7,187,414.2,252.5,215.3,249.1,224.8,35.8,15493,887,375
374.8,leak-ckpt,3,284.5,724,188.7,433.1,254.3,215.3,236.6,232.5,36.4,17969,887,375
487.6,leak-ckpt,4,286.2,727.1,189.6,436.4,254.9,215.4,239.7,234.1,36,14249,887,375
600.4,leak-ckpt,5,287.4,733.5,190,436.7,255,215.4,244.8,234.8,36.8,13971,887,375
713.1,leak-ckpt,6,290.8,735.8,190.9,437.5,255.3,215.6,249.4,235,37.5,18265,887,375
826,leak-ckpt,7,291,739.8,191.2,437.4,255.4,215.6,258.7,235.1,37,14908,887,375
938.7,leak-ckpt,8,291.5,741.1,191.7,438.7,255.7,215.6,261.7,235.4,37.2,15340,887,375
982,recover-gc,,290.3,736.8,182.5,438.5,255.7,215.2,0,0,33.8,4300,730,187
