phase,agents,view,samples,process_group,mean_cpu_pct,last_rss_mib,peak_rss_mib
warm,0,tiled,1,ottod,,162.1,162.1
warm,0,tiled,1,clickhouse,,401.4,401.4
warm,0,tiled,1,agents,,0,0
warm,0,tiled,1,daemon-children,,0,0
warm,0,tiled,1,renderer,,540.3,540.3
warm,0,tiled,1,gpu,,151.7,151.7
warm,0,tiled,1,browser-main,,234.3,234.3
warm,0,tiled,1,browser-utility,,202,202
baseline,0,agents-empty,4,ottod,0,162.1,162.1
baseline,0,agents-empty,4,clickhouse,1.13,401.5,401.5
baseline,0,agents-empty,4,agents,,0,0
baseline,0,agents-empty,4,daemon-children,,0,0
baseline,0,agents-empty,4,renderer,2.3,542.6,542.6
baseline,0,agents-empty,4,gpu,1.27,144.4,151.7
baseline,0,agents-empty,4,browser-main,0.27,234.1,234.4
baseline,0,agents-empty,4,browser-utility,0.13,202,202
baseline-gc,0,agents-empty,1,ottod,0,162.3,162.3
baseline-gc,0,agents-empty,1,clickhouse,0.9,401.5,401.5
baseline-gc,0,agents-empty,1,agents,,0,0
baseline-gc,0,agents-empty,1,daemon-children,,0,0
baseline-gc,0,agents-empty,1,renderer,3.6,531.6,531.6
baseline-gc,0,agents-empty,1,gpu,0.6,144.8,144.8
baseline-gc,0,agents-empty,1,browser-main,0.6,234.8,234.8
baseline-gc,0,agents-empty,1,browser-utility,0,202.5,202.5
step,1,tiled,4,ottod,0.67,176.8,176.8
step,1,tiled,4,clickhouse,1.27,404.7,404.7
step,1,tiled,4,agents,0.27,75.5,76.8
step,1,tiled,4,daemon-children,0.2,27.2,27.2
step,1,tiled,4,renderer,9.2,575.5,575.5
step,1,tiled,4,gpu,20.43,165.3,174.9
step,1,tiled,4,browser-main,0.27,232.2,232.2
step,1,tiled,4,browser-utility,0.13,202.7,202.7
step,1,focus,4,ottod,1.07,204.9,204.9
step,1,focus,4,clickhouse,1.4,404.9,404.9
step,1,focus,4,agents,0.4,77,77.2
step,1,focus,4,daemon-children,0.33,73.5,73.5
step,1,focus,4,renderer,11.9,614.3,614.3
step,1,focus,4,gpu,26.07,169.7,181.2
step,1,focus,4,browser-main,0.47,236.5,236.8
step,1,focus,4,browser-utility,0.2,203.2,203.2
step,1,home,4,ottod,0.73,208.3,208.3
step,1,home,4,clickhouse,1.33,405,405
step,1,home,4,agents,0.27,77.3,77.6
step,1,home,4,daemon-children,0.27,73.8,73.8
step,1,home,4,renderer,13.2,657.6,657.6
step,1,home,4,gpu,26.8,174,180.5
step,1,home,4,browser-main,0.33,237.1,237.3
step,1,home,4,browser-utility,0.13,205.7,205.7
step,1,git,4,ottod,0.47,210.4,210.4
step,1,git,4,clickhouse,1.0,408,408
step,1,git,4,agents,0.2,78.4,78.4
step,1,git,4,daemon-children,0.13,73.8,73.8
step,1,git,4,renderer,6.87,688.3,688.3
step,1,git,4,gpu,10.87,170,180.3
step,1,git,4,browser-main,0.2,239,239
step,1,git,4,browser-utility,0.13,208.1,208.1
step-gc,1,git,1,ottod,0.6,210.4,210.4
step-gc,1,git,1,clickhouse,1.1,408,408
step-gc,1,git,1,agents,0,78.3,78.3
step-gc,1,git,1,daemon-children,0.2,73.8,73.8
step-gc,1,git,1,renderer,9.1,629.7,629.7
step-gc,1,git,1,gpu,10.6,170,170
step-gc,1,git,1,browser-main,0.2,239,239
step-gc,1,git,1,browser-utility,0.2,208.1,208.1
step,3,tiled,4,ottod,1.4,239.8,239.8
step,3,tiled,4,clickhouse,1.13,410.6,410.6
step,3,tiled,4,agents,0.6,232.3,232.3
step,3,tiled,4,daemon-children,0.33,148.5,148.5
step,3,tiled,4,renderer,9.53,665.6,665.6
step,3,tiled,4,gpu,15.87,176.8,188.6
step,3,tiled,4,browser-main,0.47,239.7,239.9
step,3,tiled,4,browser-utility,0.27,208.6,208.6
step,3,focus,4,ottod,2.57,259.2,259.2
step,3,focus,4,clickhouse,1.47,410.6,410.6
step,3,focus,4,agents,1.07,233.8,234.3
step,3,focus,4,daemon-children,0.73,167.8,167.8
step,3,focus,4,renderer,17.53,696.3,696.3
step,3,focus,4,gpu,26.27,176.2,187
step,3,focus,4,browser-main,0.87,242.5,242.5
step,3,focus,4,browser-utility,0.47,208.7,208.7
step,3,home,4,ottod,2.37,263.6,263.6
step,3,home,4,clickhouse,1.47,412,412
step,3,home,4,agents,0.87,235.3,235.3
step,3,home,4,daemon-children,0.67,169.7,169.7
step,3,home,4,renderer,17.6,742.8,742.8
step,3,home,4,gpu,29.9,179.6,186.1
step,3,home,4,browser-main,0.8,242.7,242.8
step,3,home,4,browser-utility,0.47,208.7,208.7
step,3,git,4,ottod,1.6,266.8,266.8
step,3,git,4,clickhouse,1.07,412,412
step,3,git,4,agents,0.47,239,239
step,3,git,4,daemon-children,0.53,172.9,172.9
step,3,git,4,renderer,8.87,746.3,746.3
step,3,git,4,gpu,12.1,175.3,185.7
step,3,git,4,browser-main,0.4,244.2,244.4
step,3,git,4,browser-utility,0.27,208.7,208.7
step-gc,3,git,1,ottod,1.3,266.8,266.8
step-gc,3,git,1,clickhouse,0.8,412,412
step-gc,3,git,1,agents,0.2,240,240
step-gc,3,git,1,daemon-children,0,173,173
step-gc,3,git,1,renderer,10.6,673.8,673.8
step-gc,3,git,1,gpu,11.3,175.3,175.3
step-gc,3,git,1,browser-main,0.2,244.2,244.2
step-gc,3,git,1,browser-utility,0.2,208.7,208.7
step,5,tiled,4,ottod,3.43,299,299
step,5,tiled,4,clickhouse,1.4,412.1,412.1
step,5,tiled,4,agents,1.73,390.7,395
step,5,tiled,4,daemon-children,1.0,292.6,292.6
step,5,tiled,4,renderer,20.23,718,718
step,5,tiled,4,gpu,32.17,184.8,195.6
step,5,tiled,4,browser-main,1.07,245.5,245.5
step,5,tiled,4,browser-utility,0.6,209.1,209.1
step,5,focus,4,ottod,3.97,302.5,302.5
step,5,focus,4,clickhouse,1.47,413.7,413.7
step,5,focus,4,agents,1.6,398.7,398.7
step,5,focus,4,daemon-children,1.13,309.2,309.2
step,5,focus,4,renderer,19.73,810.3,810.3
step,5,focus,4,gpu,26.3,180.4,190.7
step,5,focus,4,browser-main,1.2,246.2,246.3
step,5,focus,4,browser-utility,0.73,209.2,209.2
step,5,home,4,ottod,2.73,304.3,304.3
step,5,home,4,clickhouse,1.2,414.1,414.1
step,5,home,4,agents,0.93,399.4,399.4
step,5,home,4,daemon-children,0.8,311.7,311.7
step,5,home,4,renderer,15.03,812.8,812.9
step,5,home,4,gpu,22.0,183.7,190
step,5,home,4,browser-main,0.73,246.3,246.5
step,5,home,4,browser-utility,0.53,209.2,209.2
step,5,git,4,ottod,2.23,305.3,305.3
step,5,git,4,clickhouse,1.13,414.2,414.2
step,5,git,4,agents,0.8,402,402
step,5,git,4,daemon-children,0.6,312,312
step,5,git,4,renderer,11.43,813.1,813.2
step,5,git,4,gpu,14.07,179.3,190
step,5,git,4,browser-main,0.53,246.4,246.6
step,5,git,4,browser-utility,0.33,209.2,209.2
step-gc,5,git,1,ottod,4,305.4,305.4
step-gc,5,git,1,clickhouse,1.5,414.4,414.4
step-gc,5,git,1,agents,1.3,403.9,403.9
step-gc,5,git,1,daemon-children,1.1,314.5,314.5
step-gc,5,git,1,renderer,20.3,709.6,709.6
step-gc,5,git,1,gpu,21.2,179.3,179.3
step-gc,5,git,1,browser-main,1.1,246.4,246.4
step-gc,5,git,1,browser-utility,0.6,209.2,209.2
recover,0,tiled-closed,4,ottod,0.07,305.4,305.5
recover,0,tiled-closed,4,clickhouse,1.4,414.4,414.4
recover,0,tiled-closed,4,agents,,0,0
recover,0,tiled-closed,4,daemon-children,,0,0
recover,0,tiled-closed,4,renderer,3.63,699.4,713
recover,0,tiled-closed,4,gpu,1.47,179.2,189.8
recover,0,tiled-closed,4,browser-main,0.07,246.4,246.6
recover,0,tiled-closed,4,browser-utility,0,208.5,208.9
recover,0,home-closed,4,ottod,0.13,305.6,305.6
recover,0,home-closed,4,clickhouse,1.4,414.7,414.7
recover,0,home-closed,4,agents,,0,0
recover,0,home-closed,4,daemon-children,,0,0
recover,0,home-closed,4,renderer,3.77,703.3,703.3
recover,0,home-closed,4,gpu,1.9,182,188.5
recover,0,home-closed,4,browser-main,0.07,246.4,246.7
recover,0,home-closed,4,browser-utility,0,208.5,208.5
recover-gc,0,home-closed,1,ottod,0,305.6,305.6
recover-gc,0,home-closed,1,clickhouse,1.3,414.7,414.7
recover-gc,0,home-closed,1,agents,,0,0
recover-gc,0,home-closed,1,daemon-children,,0,0
recover-gc,0,home-closed,1,renderer,6.8,700,700
recover-gc,0,home-closed,1,gpu,1.7,182,182
recover-gc,0,home-closed,1,browser-main,0,246.4,246.4
recover-gc,0,home-closed,1,browser-utility,0,208.5,208.5
