elapsed_s,phase,agents,view,host_load,swap_mb,daemon_cpu_pct,daemon_rss_mib,renderer_cpu_pct,renderer_rss_mib,gpu_cpu_pct,clickhouse_cpu_pct,heap_mib,mounted_dom
14.1,warm,0,tiled,7.19,9098.12,,162.5,,539.2,,,20.3,429
14.2,baseline,0,agents-empty,7.19,9098.12,0,162.5,0,539.5,0,0,20.4,429
19.3,baseline,0,agents-empty,7.65,9098.12,0,162.6,2,540,1,1,20.4,429
24.4,baseline,0,agents-empty,7.84,9098.12,0,162.5,1.8,540.8,1,1,20.5,429
29.5,baseline,0,agents-empty,8.17,9098.12,0,162.5,1.8,541.5,1,0.8,20.6,429
34.2,baseline-gc,0,agents-empty,8.32,9098.12,0,162.7,4.1,530.1,0.6,1.1,17.2,429
38.9,step,1,tiled,8.13,9098.12,1.3,170.6,10.6,571,14.4,1.1,20.2,515
44,step,1,tiled,8.04,9098.12,0.8,173.9,10.3,575.1,21.8,1.2,22.7,515
49.2,step,1,tiled,8.04,9098.12,0.8,177,11.3,574.8,25.2,1.4,22.7,515
54.3,step,1,tiled,7.87,9098.12,1,180,10.9,575,25.8,1.6,21.9,515
68.6,step,1,focus,8.44,9098.12,0.9,194.2,13.4,596.4,22.2,1.3,24.1,548
73.7,step,1,focus,8.32,9098.12,1,194.4,13.5,599.6,27.2,1.4,23.4,548
78.9,step,1,focus,8.38,9098.12,1,194.6,13.1,610.9,26,1.4,23.7,548
84,step,1,focus,7.95,9098.12,1,194.7,13.5,615.4,27.3,1.6,22.9,548
90.2,step,1,home,7.79,9098.12,1.9,201.2,17,643.2,28.6,1.4,29.3,726
95.3,step,1,home,7.81,9098.12,1.2,201.6,16.1,652.8,31.3,1.6,24.6,726
100.4,step,1,home,7.9,9098.12,0.6,201.6,10,653.1,18.8,1.2,27.8,726
105.5,step,1,home,8.79,9098.12,0.4,201.6,8.6,653.1,14.1,1,30.2,726
111.8,step,1,git,9.21,9098.12,1.1,203.8,10,667.2,13.7,1,31.3,1498
116.9,step,1,git,8.95,9098.12,0.4,203.8,5.5,706.8,10.8,1,28.5,1498
122,step,1,git,8.55,9098.12,0.6,203.9,6.8,746.6,11.5,1,29.4,1498
127.1,step,1,git,8.11,9098.12,0.6,203.9,11.2,746.8,16.8,1.2,27.1,1498
131.8,step-gc,1,git,7.78,9098.12,0.8,203.9,14.4,652.4,19.5,1.3,27.2,1498
136.7,step,3,tiled,7.56,9098.12,3.1,220.3,19.1,681.6,22.8,1.4,28.4,784
141.8,step,3,tiled,7.35,9098.12,1.6,220.7,13.3,682,21.7,1.2,28.5,784
146.9,step,3,tiled,7.32,9098.12,2.3,220.9,15.2,682.2,26.2,1.4,29.2,784
152,step,3,tiled,7.14,9098.12,2,221.3,15.8,686.8,26.8,1.4,32.8,784
166.4,step,3,focus,7.64,9098.12,1.9,224.1,17.3,701.7,23.7,1.3,30.3,631
171.5,step,3,focus,7.75,9098.12,2.3,225,17,708.4,24.6,1.4,32.3,631
176.6,step,3,focus,8.17,9098.12,2,225.6,15.4,708.5,21.1,1.6,30.8,631
181.7,step,3,focus,7.68,9098.12,2.9,227.7,16.1,708.7,23.3,1.4,28.4,631
187.9,step,3,home,7.5,9098.12,1.9,228.3,12.2,713,16.1,1.1,28.6,867
193.1,step,3,home,7.38,9098.12,1.4,228.4,10.4,724.1,14.9,1.2,28.4,867
198.2,step,3,home,7.59,9098.12,1.2,228.5,10.4,724.6,14.5,1,28.4,867
203.3,step,3,home,7.39,9098.12,1.8,228.9,10.6,724.6,14.9,1,34.2,867
209.5,step,3,git,7.43,9098.12,1.4,229.2,11.9,732.3,14.5,1.3,35.3,1547
214.6,step,3,git,7.32,9098.12,1.6,229.3,11.5,772,15.8,1.2,35.7,1547
219.7,step,3,git,7.37,9098.12,1.8,229.4,13.1,772.2,18,1.2,33.8,1547
224.8,step,3,git,7.1,9098.12,1.6,229.4,12.3,772.2,15,1.2,36.5,1547
229.5,step-gc,3,git,7.01,9098.12,1.7,229.5,14.1,687.8,14.3,1.1,29.9,1547
234.4,step,5,tiled,7.73,9098.12,4.1,255.2,17.2,744.1,17.6,1,36.9,973
239.5,step,5,tiled,8.07,9098.12,2.5,255.6,12.9,746.7,17,1.2,35.7,973
244.7,step,5,tiled,7.75,9098.12,2.5,256.7,15.4,746.8,22.3,1.2,36.2,973
249.8,step,5,tiled,7.61,9098.12,2.5,258.5,16,747.1,23.8,1.4,33.5,973
264.1,step,5,focus,7.57,9098.12,2.8,263.3,17.4,752.8,22,1.2,32.9,677
269.2,step,5,focus,7.2,9098.12,2.7,263.4,14.9,804.3,21,1.2,37.6,677
274.3,step,5,focus,8.31,9098.12,1.8,263.6,12.3,810,12.3,1.4,34.2,677
279.4,step,5,focus,7.88,9098.12,2.5,264,11,809.6,12.1,1,42.6,677
285.7,step,5,home,7.81,9098.12,3.2,266.4,13.1,810.6,13.5,1,40.9,976
290.8,step,5,home,7.35,9098.12,2.2,266.5,12.3,801.6,15.5,1.2,31.7,976
295.9,step,5,home,7.4,9098.12,2.7,270.3,14.1,801.4,16,1,34.5,976
301,step,5,home,7.37,9098.12,2.9,271.5,16.2,801.8,20.9,1.4,39.8,976
307.2,step,5,git,7.1,9098.12,2.7,271.8,17.8,803.6,22.3,1.1,41.9,1593
312.4,step,5,git,6.93,9098.12,2.3,272,14.5,804.1,17,1.2,32.5,1593
317.5,step,5,git,7.25,9098.12,2.5,272.1,14.3,804.4,19.6,1.2,31.7,1593
322.6,step,5,git,6.99,9098.12,2.3,272.2,13.5,804.3,15.6,1.2,33.7,1593
327.3,step-gc,5,git,6.91,9098.12,2.8,272.4,18.9,712.4,21.9,1.1,32,1593
329,recover,0,tiled-closed,6.6,9098.12,1.8,272.4,6.5,715.8,5.3,1.2,31.6,463
334.1,recover,0,tiled-closed,6.47,9098.12,0.2,272.5,3.5,716,1.8,2,31.7,463
339.2,recover,0,tiled-closed,6.91,9098.12,0.2,272.5,5.7,699.9,1.6,1.8,25.8,463
344.4,recover,0,tiled-closed,6.84,9098.12,0,272.5,3.3,700.2,1.6,1.4,25.9,463
350.6,recover,0,home-closed,6.69,9098.12,0.3,272.7,4.3,703,2.9,1.4,26.3,726
355.7,recover,0,home-closed,6.64,9098.12,0.2,272.7,2.7,703.5,1.4,1.2,26.5,726
360.8,recover,0,home-closed,6.51,9098.12,0,272.8,2.5,704.2,1.4,1,26.5,726
365.9,recover,0,home-closed,6.39,9098.12,0,272.8,2.5,704,1,1,26.1,726
370.6,recover-gc,0,home-closed,6.35,9098.12,0.2,272.8,4.1,699.3,1.1,1.1,26,726
